{
  "prepare_queue": {
    "installed": [],
    "uninstalled": []
  },
  "config_munge": {
    "files": {
      "res/xml/config.xml": {
        "parents": {
          "/*": [
            {
              "xml": "<feature name=\"Whitelist\"><param name=\"android-package\" value=\"org.apache.cordova.whitelist.WhitelistPlugin\" /><param name=\"onload\" value=\"true\" /></feature>",
              "count": 1
            },
            {
              "xml": "<feature name=\"HeaderColor\"><param name=\"android-package\" value=\"tomloprod.HeaderColor\" /><param name=\"onload\" value=\"true\" /></feature>",
              "count": 1
            },
            {
              "xml": "<feature name=\"ZeroConf\"><param name=\"android-package\" value=\"net.becvert.cordova.ZeroConf\" /></feature>",
              "count": 1
            }
          ]
        }
      },
      "AndroidManifest.xml": {
        "parents": {
          "/manifest": [
            {
              "xml": "<uses-permission android:name=\"android.permission.CHANGE_WIFI_MULTICAST_STATE\" />",
              "count": 1
            },
            {
              "xml": "<uses-permission android:name=\"android.permission.INTERNET\" />",
              "count": 1
            },
            {
              "xml": "<uses-permission android:name=\"android.permission.ACCESS_WIFI_STATE\" />",
              "count": 1
            }
          ]
        }
      }
    }
  },
  "installed_plugins": {
    "cordova-plugin-whitelist": {
      "PACKAGE_NAME": "io.cordova.hellocordova"
    },
    "cordova-plugin-headercolor": {
      "PACKAGE_NAME": "io.cordova.eNurse"
    },
    "cordova-plugin-add-swift-support": {
      "PACKAGE_NAME": "io.cordova.eNurse"
    },
    "cordova-plugin-zeroconf": {
      "PACKAGE_NAME": "io.cordova.eNurse"
    }
  },
  "dependent_plugins": {},
  "modules": [
    {
      "id": "cordova-plugin-headercolor.HeaderColor",
      "file": "plugins/cordova-plugin-headercolor/www/HeaderColor.js",
      "pluginId": "cordova-plugin-headercolor",
      "clobbers": [
        "cordova.plugins.headerColor"
      ]
    },
    {
      "id": "cordova-plugin-zeroconf.ZeroConf",
      "file": "plugins/cordova-plugin-zeroconf/www/zeroconf.js",
      "pluginId": "cordova-plugin-zeroconf",
      "clobbers": [
        "cordova.plugins.zeroconf"
      ]
    }
  ],
  "plugin_metadata": {
    "cordova-plugin-whitelist": "1.3.3",
    "cordova-plugin-headercolor": "1.0",
    "cordova-plugin-add-swift-support": "1.7.1",
    "cordova-plugin-zeroconf": "1.3.1"
  }
}